ISIN,Security_Code,Security_Name
INE670A01012,TATAELXSI,TATA ELXSI LTD
INF740KA1EU7,LIQUIDETF,DSP Liquid ETF
,CASH,CASH
INE267A01025,HINDZINCNEW,Hindustan Zinc Limited
INE009A01021,INFOSYSTECH,Infosys Ltd
INE002A01018,RIL,Reliance Industries Ltd
INE361B01024,DIVISLAB,Divis Laboratories Ltd
INE021A01026,ASIANPAINTS,Asian Paints Ltd
INE022Q01020,IEX,Indian Energy Exchange Ltd.
INE797F01020,JUBLFOOD,Jubilant Foodworks Limited
INE467B01029,TCS,Tata Consultancy Services Ltd
INE603J01030,PIIND,PI Industries Limited
INE317I01021,METROBRAND,Metro Brands Limited
INE373A01013,BASF,BASF India Ltd
INE669C01036,TECHMAHINDRA,Tech Mahindra Ltd
INE182A01018,PFIZER,PFIZER LIMIT
INE006I01046,ASTRAL1,Astral Ltd.
INE118H01025,BSE,BSE Limited
INE647O01011,PETERENGLAND,Aditya Birla Fashion and Retail Limited
INE192A01025,TATAGLOBAL,TATA Consumer Products Ltd
INE237A01028,KMBANK,Kotak Mahindra Bank Ltd
INE0I7C01011,LATENTVIEW,Latent View Analytics Ltd
INE038A01020,HINDALCO,Hindalco Industries Ltd
INE854D01024,UNITEDSPIRITS,United Spirits Ltd
INE102D01028,GODREJCP,Godrej Consumer Products Ltd
INE029A01011,BPCL,Bharat Petroleum Corporation Ltd
INE726G01019,ICICIPRULI,ICICI Prudential Life Insurance Company Ltd
INE0J1Y01017,LICI,Life Insurance Corporation Of India
INE765G01017,ICICIGI,ICICI Lombard General Insurance Company Ltd
INE195A01028,SUPREMEIND,Supreme Industries Limited
INE979A01025,SAREGAMA,Saregama India Limited
INE774D01024,MMFIN,Mahindra & Mahindra Financial Services Limited
INE585B01010,MARUTI,Maruti Suzuki India Ltd
INE674K01013,ADITYABIRLA,Aditya Birla Capital Ltd
INE002S01010,MGL,Mahanagar Gas Limited
INE318A01026,PIDILITIND,Pidilite Industries Ltd.
INE030A01027,HUL,Hindustan Unilever Ltd
INE150B01039,ALKYLAMINE,Alkyl Amines Chemicals Limited
INE016A01026,DABUR,Dabur India Ltd
INE040A01034,HDFCBANK,HDFC Bank Ltd
INE414G01012,MUTHOOTFIN,Muthoot Finance Limited
INE127D01025,HDFCAMC,HDFC Asset Management Company Limited
INE811K01011,PRESTIGE,PRESTIGE ESTATES PROJECTS LTD
INE491A01021,CUB,City Union Bank Limited
INF732E01037,101884,Nippon India ETF Nifty 1D Rate Liquid BeES
INE296A01032,BAJAUTOFIN,Bajaj Finance Ltd
INE214T01019,LTI,LTIMindtree Ltd
INE736A01011,CDSL,Central Depository Services India Limited
INE010V01017,LTTS,L and T Technology Services Limited
INE860A01027,HCLTECH,HCL Technologies Limited
INF204KB19I1,HNGSNGBEES,Nippon India ETF Hang Seng BeES
INE192R01011,DMART,AVENUE SUPERMARTS LIMITED
INE702C01027,APLAPOLLO,APL Apollo Tubes
INE171A01029,FEDERALBNK,Federal Bank Ltd
INE062A01020,SBI,State Bank of India
INE540L01014,ALKEM,Alkem Laboratories Ltd
INF174KA1HJ8,106193,Kotak Gold ETF
INE003A01024,SIEMENS,SIEMENS LTD
INF966L01AT0,150440,Quant Large Cap Fund-Growth Option-Direct Plan
INE628A01036,UNIPHOS,UPL Ltd
INE584A01023,NMDC,NMDC LTD
INE068V01023,GLAND,Gland Pharma Limited
INE871C01038,AVANTIFEED,Avanti Feeds Limited
INE917I01010,BAJAJAUTO,Bajaj Auto Ltd
INF846K01Z12,AXISHCETF,Axis NIFTY Healthcare ETF
INF789F1AUV1,UTIBANKETF,UTI Nifty Bank ETF
INF740KA1QK2,DSPNEWETF,DSP Nifty 50 Equal Weight ETF
INF109KC18U7,ICICIBANKP,ICICI Prudential Nifty Private Bank ETF
INF109KC16I6,ICICITECH,ICICI Prudential Nifty IT ETF
INF740KA1QL0,DSPQ50ETF,DSP Nifty Midcap 150 Quality 50 ETF
INF109KC16V9,ICICINF100,ICICI Prudential Nifty 100 ETF
INF846K01Y96,AXISTECETF,AXIS MUTUAL FUND-AXIS NIFTY IT ETF
INF209KB16D7,ABSLNN50ET,Aditya Birla Sun Life Nifty Next 50 ETF
INF769K01FN2,MANXT50,Mirae Asset Nifty Next 50 ETF
INF109KC17V7,ICICIALPLV,ICICI Prudential Nifty Alpha Low Volatility 30 ETF
INF109KC19V3,ICICIFMCG,ICICI Prudential Nifty FMCG ETF
INE613B01010,ICDSLTD,ICDS Ltd
INE238A01034,AXIS,Axis Bank Ltd
INE795G01014,HDFCLIFE,HDFC Standard Life Insurance Company Ltd
INE020B01018,RECLTD,REC Limited
INE129A01019,GAIL,GAIL India Ltd
INE176B01034,HAVELLS,Havells India Ltd
IN9175A01010,JISLDVREQS,Jain Irrigation Systems Limited-DVR
INE778K01012,EMAMIINFRA,Emami Realty Ltd
INE090A01021,ICICI,ICICI Bank Ltd
INE571A01038,IPCALAB,Ipca Laboratories Limited
INE175A01038,JISLJALEQS,Jain Irrigation Systems Limited
INE093R01011,LSIL,Lloyds Engineering Works Ltd
INE018A01030,LT,Larsen and Toubro Ltd
INE103A01014,MRP,MANGALORE REFINERY & PETROCHEMICALS LTD
INE588A01016,NEPCMICON,NEPC INDIA LTD.
INE239A01024,NESTLEIND,Nestle India Ltd
INE163A01018,NOCIL,NOCIL LTD.
INE234A01025,NOVARTIND,NOVARTIS INDIA LTD
INE213A01029,ONGC,Oil and Natural Gas Corporation Limited
INE834B01012,PCS,PCS Technology Ltd
INE319A01016,PHILIPS,PHILIPS INDIA LTD.
INE0FO801019,PHILIPSDOME,Philips Domestic Appliances India Ltd
INE330H01018,RCOM,RELIANCE COMMUNICATIONS L
INE293A01013,ROLTA,ROLTA INDIA LTD.
INE045U01015,SIGNIFY,Signify Innovations India Limited
INE155A01022,TATAMOTORS,Tata Motors Limited
INE081A01020,TATASTEEL,Tata Steel Ltd
INE849A01020,TRENT,Trent Ltd
INE481G01011,ULTRATECH,Ultratech Cement Ltd
INE951C01012,UNIVERSALOFF,Universal Office Automation Ltd
INE840M01016,ZUARI,ZUARI AGRO CHEMICALS LTD
INE217A01012,ZUARIGLOB,Zuari Industries Ltd
INE500A01029,DCW,DCW Ltd
INE012A01025,ACC,ACC Ltd
INE814H01029,ADANIPOWER,Adani Power Ltd
INE028A01039,BOB,Bank of Baroda
INE032A01023,BOMDYEING,Bombay Dyeing and Manufacturing Company Limited
INE476A01022,CANBK,Canara Bank
INE485A01015,CENTENKA,Century Enka Limited
INE059A01026,CIPLA,Cipla Ltd
INE548C01032,EMAMILTD,Emami Limited
INF204K01FQ3,112938,Nippon India Credit Risk Fund-Growth Plan
INF204KB19P6,148258,Nippon India Credit Risk Fund-Segregated Portfolio 2-Growth Plan
INE216A01030,BRITANNIA,Britannia Industries Ltd.
INE216A08027,BRITANNIADEB,BRITANNIA INDUSTRIES LIMITED - 5.5 NCD 03JU24 FVRS29
INE010B01027,CADILAHC,Zydus Lifesciences Limited
INE092T01019,IBL,IDFC First Bank Limited
INE733E07JW2,INE733E07JW2,NTPC LIMITED SR-3B 7.62 BD 05OT35 FVRS1000
INE087H01022,RENUKA,SHREE RENUKA SUGARS LTD
INE020B07JU4,INE020B07JU4,RURAL ELECTRIFICATION CORPORATION LTD
INF204K01489,101161,Nippon India Multi Cap Fund-Growth Plan-Growth Option
INF109K01AF8,102594,ICICI PRUDENTIAL DISCOVERY FUND-GROWTH OPTION
INF109K01VQ1,103340,ICICI Prudential Liquid Fund - Growth
INF090I01569,103360,Franklin India Smaller Companies Fund-Growth
INF179K01CR2,105758,HDFC MID-CAP OPPORTUNITIES FUND - GROWTH OPTION
INF109K01BL4,108466,ICICI PRUDENTIAL FOCUSED BLUECHIP EQUITY FUND - RETAIL GROWTH PLAN
INF209K01603,111803,Aditya Birla Sun Life Medium Term Plan-Growth-Regular Plan
INF846K01164,112277,Axis Bluechip Fund - Growth
INE383A01012,INDIACEM,INDIA CEMENTS LTD
,TDSACCOUNT,Tax Deducted at Source
INE885A01032,AMARAJABAT,Amara Raja Energy & Mobility Limited
INF109KC17C7,ICICIMOM30,ICICI Prudential Nifty 200 Momentum 30 ETF
INF109K01T04,120676,ICICI Prudential Ultra Short Term Fund - Direct Plan -  Growth
INE335Y01020,IRCTC,Indian Railway Catering And Tourism Corporation Limited
INE763G01038,ISEC,ICICI Securities Ltd
INE070A01015,SHREECEM,Shree Cement Limited
INE075A01022,WIPRO,WIPRO Ltd
INE891D01026,REDINGTON,Redington India Ltd.
INE0NNS01018,NMDCSTEEL,NMDC Steel Ltd
INE397D01024,BHARTI,Bharti Airtel Ltd
INE047A01021,GRASIM,Grasim Industries Ltd
INE262H01021,PERSISTENT,Persistent Systems Ltd
INE054A01027,VIPIND,VIP Industries Ltd
INE918I01026,BAJAJFINSV,BAJAJ FINSERV LTD
INE258G01013,SUMICHEM,Sumitomo Chemical India Limited
INE356A01018,MPHASIS,MPHASIS Ltd.
INE343H01029,SOLARINDS,SOLAR INDUSTRIES INDIA LTD
INE548A01028,HFCL,HFCL Limited
INE752E01010,POWERGRID,Power Grid Corporation Of India Limited
INE172A01027,CASTROL,CASTROL INDIA LTD
INE257A01026,BHEL,Bharat Heavy Electricals Ltd
INE741K01010,CREDITACC,CreditAccess Grameen Ltd
INE154A01025,ITC,ITC Ltd
INE522F01014,COALINDIA,Coal India Ltd.
INE018E01016,SBICARD,SBI Cards and Payment Services Limited
INE131B01039,RELAXO,Relaxo Footwears Limited
INE053F01010,IRFC,Indian Railway Finance Corporation Limited
INF204KB14I2,NIFTYBEES,Nippon India ETF Nifty 50 BeES
INE271C01023,DLF,DLF Limited
INE259A01022,COLPAL,COLGATE PALMOLIVE INDIA LTD
INF769K01GS9,MAESGETF,Mirae Asset Nifty 100 ESG Sector Leaders ETF
INF109KC1Q72,ICICIPHARM,ICICI Prudential Nifty Healthcare ETF
INE465A01025,BHARATFORG,BHARAT FORGE LTD
INE410B01037,VINATIORGA,VINATI ORGANICS LTD
INE073K01018,SONACOMS,Sona BLW Precision Forgings Ltd
INE288B01029,DEEPAKNTR,Deepak Nitrite Ltd
INF769K01IB1,MAMFGETF,Mirae Asset Nifty India Manufacturing ETF
INF754K01NB3,149250,Edelweiss Nifty 50 Index Fund Direct Plan Growth
INF179KC1BG0,148986,HDFC Banking & Financial Services Fund-Growth Option-Direct Plan
INE600L01024,LALPATHLAB,Dr Lal Pathlabs Ltd
INE113A01013,GNFC,Gujarat Narmada Valley Fertilizers and Chemicals Limited
INE533A01012,GOODYEAR,GOODYEAR INDIA LTD.
INE649R01010,INTERDATAMGMT,International Data Management Ltd
INE160A01022,PNB,Punjab National Bank
INE839M01018,SCHNEIDER,Schneider Electric Infrastructure Ltd
INE200A01026,AREVATD,GE Vernova T&D India Ltd
INF846K013H3,149894,Axis Nifty Smallcap 50 Index Fund-Direct Plan-Growth Option
INE061F01013,FORTIS,FORTIS HEALTHCARE INDIA LIMITED
INE092A01019,TATACHEM,TATA CHEMICALS LTD.
INE123W01016,SBILIFE,SBI Life Insurance Company Limited
INF740KA1CR7,141877,DSP Nifty 50 Equal Weight Index Fund-Direct Plan-Growth
INF740KA1RB9,150428,DSP Nifty Midcap 150 Quality 50 Index Fund-Direct-Growth
INF789F1AUT5,148703,UTI Nifty 200 Momentum 30 Index Fund - Direct Plan - Growth Option
INE513A01022,FAGBEARING,Schaeffler India Ltd
INE121J01017,INFRATEL,Indus Towers Ltd
INE733E01010,NTPC,NTPC LTD
INE093I01010,OBEROIRLTY,OBEROI REALTY LIMITED
INE050E01027,BALAMINES,Balaji Amines Ltd
INF740KA1SW3,DSPGOLDETF,DSP Gold ETF
INF109KA11J9,133054,ICICI Prudential Equity Savings Fund - Direct - Growth
INF109KC1V59,143247,ICICI Prudential BSE 500 ETF
INE844O01030,GUJGASLTD,Gujarat Gas Limited
INE226A01021,VOLTAS,Voltas Limited
INF769K01HI8,MAFSETF,Mirae Asset Nifty Financial Services ETF
INF204KB1V68,MID150BEES,Nippon India ETF Nifty Midcap 150
INF109KC11W8,147921,ICICI Prudential Nifty Midcap 150 ETF
INF247L01BK2,MOMOMENTUM,Motilal Oswal Mutual Fund - Motilal Oswal Nifty 200 Momentum 30 ETF
,OTHERINCOME,Other Income
INF109K01U92,120685,ICICI Prudential Regular Gold Savings Fund FOF - Direct Plan -  Growth
INF769K01HZ2,149790,Mirae Asset Nifty India Manufacturing ETF FOF-Direct Plan-Growth
INF109KC1NT3,ICICIGOLD,ICICI Prudential Gold ETF
INE169A01031,COROMANDEL,Coromandel International Ltd
INE00E101023,BIKAJI,Bikaji Foods International Ltd
INE836A01035,KPIT,Birlasoft Ltd
INF109KC13E2,150468,ICICI Prudential Nifty IT Index Fund-Direct Plan-Growth
INE158A01026,HEROHONDA,Hero Motocorp Ltd
INE347G01014,PETRONET,Petronet LNG Limited
INE200M01039,VBL,Varun Beverages Ltd
INE761H01022,PAGEIND,Page Industries Limited
INE463A01038,BERGEPAINT,Berger Paints India Limited
INE001A01036,HDFC,Housing Development Finance Corporation Ltd
IN9155A01020,TATAMTRDVR,Tata Motors Ltd-DVR
INE290A01027,NAHARSPING,Nahar Spinning Mills Limited
INE049I01012,NAHARCAP,Nahar Capital and Financial Services Ltd
INE019A01038,JSWSTEEL,JSW Steel Limited
INE159A01016,GLAXO,GlaxoSmithKline Pharmaceuticals Ltd
INE529A01010,FMGOETZE,FEDERAL-MOGUL GOETZE LTD.
INE416D01022,BLISSGVS,Bliss GVS Pharma Ltd
INE162B01018,LUMAXIND,LUMAX INDUSTRIES LTD
INE692A01016,UNIONBANK,Union Bank Of India
INE389D01013,TCFC,TCFC Finance Ltd
,INE547G01019,LUMAX AUTOMOTIVE SYSTEMS LTD
INF457M01133,CPSEETF,GOLDMAN SACHS CPSE ETF
INF846K017R3,151785,Axis Nifty IT Index Fund - Direct Plan - Growth
INF109KC11D8,150452,ICICI Prudential Nifty 200 Momentum 30 Index Fund - Direct Plan - Growth
INE686Y01026,FINEORG,Fine Organic Industries Limited
INE079A01024,AMBUJACEM,Ambuja Cements Ltd
INF109KC1W58,149389,ICICI Prudential Nifty Midcap 150 Index Fund - Direct Plan - Growth
INE325A01013,TIMKEN,TIMKEN INDIA LTD.
INE048G01026,NAVINFLUOR,Navin Fluorine International Limited
INE274J01014,OIL,Oil India Limited
INF247L01023,M100,Motilal Oswal Nifty Midcap 100 ETF
INF109KC11V0,ICICINV20,ICICI Prudential Nifty50 Value 20 ETF
INF769K01HS7,MAHKTECH,Mirae Asset Hang Seng TECH ETF
INE044A01036,SUNPHARMA,SUN PHARMACEUTICAL INDUSTRIES LTD
INE758T01015,ZOMATO,Eternal Ltd
INE245A01021,TATAPOWER,Tata Power Company Ltd
INE242A01010,IOC,INDIAN OIL CORPORATION LTD
INE484J01027,GODREJPROP,Godrej Properties Limited
INE053A01029,INDHOTEL,INDIAN HOTELS COMPANY LIMITED
INE536A01023,GRINDWELL,Grindwell Norton Ltd
INE647A01010,SRF,SRF LTD
INE066A01021,EICHERMOT,Eicher Motors Ltd
INE231F01020,SASKEN,SASKEN COMMUNICATION TECHNOLOGIES LTD
INF966L01CT6,152067,Quant Teck Fund - Growth Option - Direct Plan
INE419U01012,HAPPSTMNDS,Happiest Minds Technologies Limited
INE813H01021,TORNTPOWER,Torrent Power Limited
INE301A01014,RAYMOND,Raymond Ltd
INE342A01018,PREMIER,PREMIER LTD
INE836H01014,MCDHOLDING,MCDOWELL HOLDINGS LTD.
INE0CG601016,MAXIND,Max India Ltd
INE180A01020,MAX,Max Financial Services Limited
INE310C01029,HINDCOMPOS,Hindustan Composites Limited
INE186A01019,GUJALKALI,Gujarat Alkalies & Chemicals Ltd
INE034S01021,ARVINFRA,Arvind SmartSpaces Limited
INE034A01011,ARVIND,Arvind Ltd
INE133A01011,AKZOINDIA,Akzo Nobel India Limited
INE294Z01018,ANVESHAN,Anup Engineering Ltd The
INE955V01021,ARVINDFASHION,Arvind Fashion Ltd.
INE027H01010,MAXHEALTH,Max Healthcare Institute Limited
INE461A01024,BARODARAYON,Baroda Rayon Corporation Limited
INE134E01011,PFC,Power Finance Corporation Limited
INE758E01017,RSIL,Jio Financial Services Ltd
INE040H01021,SUZLON,Suzlon Energy Ltd
INE124G01033,DELTACORP,Delta Corp Limited
INE094A01015,HPCL,Hindustan Petroleum Corporation Ltd
INE043D01016,IDFC,IDFC Ltd
INE861N01036,ADIRASAY,Genpharmasec Limited
INE551W01018,UJJIVANSFB,Ujjivan Small Finance Bank Ltd
INF740KA1MG9,146381,DSP Nifty Next 50 Index Fund - Direct - Growth
INE126A01031,EIDPARRY,EID-Parry India Limited
INE007A01025,CRISIL,CRISIL LTD.
INE451A01017,BAJAJTEMPO,Force Motors Ltd
INE101A01026,MM,Mahindra and Mahindra Ltd
INE646L01027,INDIGO,InterGlobe Aviation Limited
INE388Y01029,NYKAA,FSN E-Commerce Ventures Limited
INE663F01032,NAUKRI,Info Edge India Ltd
INE196A01026,MARICO,Marico Limited
INE742F01042,MUNDRAPORT,Adani Ports and Special Economic Zone Limited
INE501A01019,DEEPAKFERT,Deepak Fertilizers and Petrochemicals Corporation Ltd
INE563J01010,ASTEC,Astec LifeSciences Ltd
INE614G01033,RPOWER,Reliance Power Ltd
INE036A01016,RELINFRA,Reliance Infrastructure Ltd
INE217K01011,RELIANCEHOME,Reliance Home Finance Ltd
INE013A01015,RELCAPITAL,Reliance Capital Ltd
INE848E01016,NHPC,NHPC Ltd
INF277K015B9,135813,Tata Resources & Energy Fund - Direct - Growth
INF174KA1OX5,152039,Kotak S&P BSE Housing Index Fund - Direct Plan - Growth Option
INE212H01026,AIAENG,AIA ENGINEERING LTD
INE203G01027,IGL,Indraprastha Gas Limited
INE208A01029,ASHOKLEY,ASHOK LEYLAND LTD
INE122M01019,ESSARSHPNG,Essar Shipping Ltd
INE340A01012,BIRLACORPN,Birla Corporation Ltd
INF740KA1RE3,DSPSILVETF,DSP Silver ETF
INE930H01031,KPRMILL,K.P.R. Mill Ltd
INE249Z01020,MAZDOCK,Mazagon Dock Shipbuilders Ltd
INE118A01012,BAJAJHLDNG,BAJAJ HOLDINGS and INVESTMENT LTD
INE462A01022,BAYERCROP,Bayer Cropscience Ltd
INE055A01016,CENTURYTEX,Aditya Birla Real Estate Ltd
INE089A01031,DRREDDYS,Dr ReddyS Laboratories Ltd
INE230A01023,EIHOTEL,EIH LIMITED
INE017A01032,GESHIP,The Great Eastern Shipping Company Limited
INE935A01035,GLENMARK,Glenmark Pharma Ltd
INE233A01035,GODREJIND,Godrej Industries Limited
INE0AJG01018,HEMIPROP,Hemisphere Properties India Ltd
INE749A01030,JINDALSTEEL,Jindal Steel & Power Limited
INE813A01018,MAHLIFE,Mahindra Lifespace Developers Ltd
INE881D01027,ORACLEFSS,Oracle Financial Services Software Ltd
INE179A01014,PGHH,PROCTER & GAMBLE HYGIENE & HEALTH CARE LTD
INE877F01012,PTC,PTC India Ltd
INE615P01015,QUESS,Quess Corp Ltd
INE205A01025,SESAGOA,Vedanta Limited
INE202Z01029,SFHL,Sundaram Finance Holdings Limited
INE660A01013,SUNDARMFIN,Sundaram Finance Limited
INE151A01013,TATACOM,Tata Communications Ltd
INE152A01029,THERMAX,THERMAX LTD
INE280A01028,TITAN,TITAN COMPANY LIMITED
INE686F01025,UBL,UNITED BREWERIES LTD
INE049B01025,WOCKHARDT,Wockhardt Ltd
INF789F1AUX7,105463,UTI GOLD EXCHANGE TRADED FUND
INE117A01022,ABB,ABB India Ltd
INE07Y701011,ABBPOWER,Hitachi Energy India Limited
INE423A01024,ADANIENT,Adani Enterprises Limited
INE364U01010,ADANIGREEN,Adani Green Energy Limited
INE931S01010,ADANITRANS,Adani Energy Solutions Limited
INE399L01023,AGL,Adani Total Gas Limited
INE596I01012,CAMS,Computer Age Management Services Limited
INE531E01026,HINDCOPPER,Hindustan Copper Limited
INE634I01029,KNRCON,KNR CONSTRUCTIONS LIMITED
INE114A01011,SAIL,STEEL AUTHORITY OF INDIA
INE916U01025,SFL,Sheela Foam Limited
INE576O01020,LXCHEM,LAXMI ORGANIC INDUSTRIES LIMITED
INE769A01020,AARTIIND,Aarti Industries Ltd
INE982J01020,PAYTM,One 97 Communications Limited
INE0IX101010,DATAPATTNS,Data Patterns INDIA Limited
INE121A01024,CHOLAFIN,Cholamandalam Investment and Finance Company Ltd
INE235A01022,FINCABLES,Finolex Cables Limited
INE850D01014,GODREJAGRO,Godrej Agrovet Limited
INE323A01026,BOSCHLTD,BOSCH Ltd
INE949L01017,AUBANK,AU Small Finance Bank Ltd
INE260D01016,OLECTRA,Olectra Greentech Limited
INE128X01021,ACI,Archean Chemical Industries Ltd
INE418H01029,ALLCARGO,Allcargo Logistics Limited
INE001B01026,KRBL,KRBL Ltd
INF769K01BL5,118837,Mirae Asset Great Consumer Fund - Direct - Growth
INE358A01014,ABBOTINDIA,Abbott India Ltd
INE120A01034,CARBORUNIV,CARBORUNDUM UNIVERSAL LTD
INE387A01021,SUNDRMFAST,Sundram Fasteners Limited
INE716A01013,WHIRLPOOL,Whirlpool Of India Ltd
INF769K01HY5,149787,Mirae Asset Nifty India Manufacturing ETF FOF - Direct Plan- IDCW
INE227W01023,CLEAN,Clean Science and Technology Ltd
INE768C01028,ZYDUSWELL,Zydus Wellness Ltd
INF740KA1TW1,152243,DSP Nifty Smallcap250 Quality 50 Index Fund-Direct-Growth
INE176A01028,BATAINDIA,Bata India Ltd
INE131A01031,GMDCLTD,Gujarat Mineral Development Corporation Limited
INE437A01024,APOLLOHOSP,APOLLO HOSPITALS ENTERPRISES LTD
INE699H01024,AWL,AWL Agri Business Ltd
INE721A01047,SRTRANSFIN,Shriram Finance Ltd
INE263A01024,BEL,Bharat Electronics Ltd
INE494B01023,TVSMOTOR,TVS Motor Company Ltd
INE066F01020,HAL,Hindustan Aeronautics Limited
INE095A01012,INDUSINDBK,IndusInd Bank Limited
INE094J01016,UTIAMC,UTI Asset Management Company Ltd
INF192K01CC7,120492,JM Flexicap Fund - Direct - Growth
INE111A01025,CONCOR,Container Corporation of India Limited
INE825A01020,VTL,Vardhman Textiles Ltd
INE519C01017,SUMMITSEC,SUMMIT SECURITIES LTD
INE640A01023,SKFINDIA,SKF India Limited
INE965H01011,SITICABLE,Siti Networks Ltd
INE138A01028,PENINLAND,Peninsula Land Ltd
INE933B01012,MEGASOFT,Megasoft Ltd
INE587G01015,KAYA,Kaya Ltd
INE351F01018,JPPOWER,Jaiprakash Power Ventures Ltd
INE886H01027,IBN18,TV18 Broadcast Ltd
INE750M01017,HEXATRADEX,Hexa Tradex Ltd
INE348B01021,CENTURYPLY,Century Plyboards India Limited
INE016M01021,DNAMEDIA,Diligent Media Corporation Ltd
INE221H01019,GTLINFRA,GTL Infrastructure Ltd
INE422C01014,TINPLATE,Tinplate Company of India Ltd
INE541A01023,GMMPFAUDLER,GMM Pfaudler Limited
INE208C01025,AEGISCHEM,Aegis Logistics Ltd
INE599M01018,JUSTDIAL,Just Dial Ltd
INE085A01013,CHAMBLFERT,Chambal Fertilizers and Chemicals Ltd
INE099Z01011,MIDHANI,Mishra Dhatu Nigam Limited
INF0R8F01018,INF0R8F01018,Zerodha Nifty LargeMidcap 250 Index Fund - Direct Plan - Growth option
INF109KC11A4,149858,ICICI Prudential Nifty Bank Index Fund - Direct Plan Growth
INF966L01BX0,151791,Quant BFSI Fund - Growth Option - Direct Plan
INF879O01027,122639,Parag Parikh Flexi Cap Fund - Direct - Growth
INF200K01370,102756,SBI FOCUSED EQUITY FUND - REGULAR PLAN -GROWTH
INF174K01LT0,119775,Kotak Emerging Equity Scheme - Growth - Direct
INF109KC12I5,150539,ICICI Prudential PSU Equity Fund - Direct Plan - Growth
INF179K01XQ0,118989,HDFC MID CAP OPPORTUNITIES FUND -DIRECT PLAN - GROWTH OPTION
INF179KA1RW5,130503,HDFC Small Cap Fund - Direct Growth Plan
INE775A01035,MOTHERSUMI,Samvardhana Motherson International Limited
INE139A01034,NATIONALUM,NATIONAL ALUMINIUM COMPANY LTD
INE685A01028,TORNTPHARM,TORRENT PHARMACEUTICALS LIMITED
INF174KA1OR7,151911,Kotak Nifty Financial Services Ex-Bank Index Fund - Direct Plan - Growth
INE326B01035,ALMONDZ,Almondz Global Securities Ltd
INE694A01020,UNITECH,UNITECH LTD
INE438A01022,APOLLOTYRE,Apollo Tyres Limited
INE473A01011,BOC,Linde India Ltd
INE572A01036,JBCHEPHARM,JB Chemicals & Pharmaceuticals Limited
INE389H01022,KEC,KEC International Limited
INE027A01015,RCF,Rashtriya Chemicals and Fertilizers Limited
INE306A01021,BAJAJHIND,BAJAJ HINDUSTHAN SUGAR LTD
INF200K01RJ1,119727,SBI Focused Equity Fund - Direct - Growth
INF740K01QA7,119028,DSP Natural Resources and New Energy Fund - Direct Plan - Growth
INE804L01022,MEDHEASP,MedPlus Health Services Limited
INE545A01024,HEG,HEG Ltd
INE868B01028,NCC,NCC Ltd
INE421D01022,CCL,CCL PRODUCTS INDIA LTD.
INE142M01025,TATATECH,Tata Technologies Ltd
INF769K01LC3,MANS2MQ1E_SC,Mirae Asset Nifty Smallcap 250 Momentum Quality 100 ETF
INE730A01022,ORIENTCONT,Oricon Enterprises Limited
INE855B01025,RAIN,Rain Industries Limited
INF769K01GQ3,148574,Mirae Asset ESG Sector Leaders Fund of Fund Direct Growth
INE406A01037,AUROPHARMA,Aurobindo Pharma Limited
INE258A01016,BEML,BEML LIMITED
INE725E01024,ORISSAMINE,THE ORISSA MINERALS DEVELOPMENT CO. LTD
INE119A01028,BALRAMCHIN,Balrampur Chini Mills Ltd
INE669E01016,IDEA,Vodafone Idea Limited
INE205C01021,POLYMED,Poly Medicure Ltd
INE439A01020,ASAHIINDIA,Asahi India Glass Limited
INE140A01024,PIRHEALTH,Piramal Enterprises Ltd
INF740KA1CL0,DSPNIFTY50ADD,DSP Nifty 50 ETF
INF966L01AK9,148925,quant Quantamental Fund - Growth Option - Direct Plan
INF966L01AD4,148564,quant ESG Equity Fund - Growth Option - Direct Plan
INF204KB16I7,PSUBNKBEES,Nippon India ETF Nifty PSU Bank BeES
INE528G01035,YESBANK,Yes Bank Limited
INE148I01020,IBULHSGFIN,Sammaan Capital Ltd
INE376G01013,BIOCON,BIOCON LTD
INE031A01017,HUDCO,Housing & Urban Development Corporation Limited
INE371P01015,AMBER,Amber Enterprises India Limited
INE999A01023,KSBPUMPS,KSB Ltd
INE671A01010,HONAUT,Honeywell Automation India Limited
INE544H01014,JHS,JHS Svendgaard Laboratories Ltd
INE070D01027,JAICORPLTD,Jai Corp Ltd
INE863T01013,JITFINFRA,JITF Infralogistics Ltd
INE455F01025,JPASSOCIATES,Jaiprakash Associates Ltd
INE083A01026,MOREPENLAB,MOREPEN LABORATORIES LTD
INE197A01024,JYOTISTRUC,Jyoti Structures Ltd
INE234I01028,KAUSHALYA,Kaushalya Infrastructure Development Corporation Ltd
INE737D01021,MODISON,Modison Ltd
INE153A01019,MTNL,Mahanagar Telephone Nigam Ltd
INE304A01026,MUKANDLTD,MUKAND LTD
INE454M01024,NAGARFERT,Nagarjuna Fertilizers and Chemicals Ltd
INE870H01013,NETWORK18,Network18 Media & Investments Ltd
INE809I01019,ONMOBILE,Onmobile Global Limited
INE623B01027,PANTALOONR,Future Enterprises Limited
INE561H01026,PARSVNATH,Parsvnath Developers Ltd
INE546Y01022,PHRL,Praxis Home Retail Ltd
IN9623B01058,PRETAILDVR,Future Enterprises Ltd-DVR
INE608A01012,PSB,PUNJAB AND SIND BANK
INE626A01014,SAURASHCEM,Saurashtra Cement Ltd
INE109A01011,SCI,Shipping Corporation Of India Limited
INE559D01011,SHARRESLTD,Crest Ventures Ltd
INE002L01015,SJVN,SJVN Limited
INE802C01033,SSWL,Steel Strips Wheels Limited
INE947A01014,SUNFLAG,Sunflag Iron & Steel Company Ltd
INE130B01031,SURANATP,Surana Telecom and Power Ltd
INE691A01018,UCOBANK,Uco Bank
INF204KB17I5,105085,Nippon India ETF Gold BeES
INE421A01028,ABAN,Aban Offshore Ltd
INE703H01016,ACKRUTI,Hubtown Ltd
INE523B01011,AKSHOPTFBR,Aksh Optifibre Ltd
INE426A01027,ALEMBICLTD,ALEMBIC LTD
INE386C01029,ASTRAMICRO,Astra Microwave Products Limited
INE458B01036,BHAGYANGR,Bhagyanagar India Ltd
INE071A01013,BINANIIND,Bil Vyapar Ltd
INE778B01029,ESTER,ESTER INDUSTRIES LTD
INE111B01023,FINANTECH,63 Moons Technologies Ltd
INE452O01016,FLFL,Future Lifestyle Fashions Limited
INE360L01017,FMNL,Future Market Networks Ltd
INE752P01024,FRETAIL,Future Retail Ltd
INE684F01012,FSL,Firstsource Solutions Limited
INE776C01039,GMRINFRA,GMR Airports Ltd
INE262A01018,HMT,HMT Limited
INE415A01038,HSIL,Agi Greenpac Limited
INE919H01018,IMFA,Indian Metals & Ferro Alloys Limited
INE12345678,INE733E07JP6,8.49% NTPC DB 25-03-2025
INE050B01023,IVC,IL&FS Investment Managers Ltd
INE324A01032,JINDALSAW,Jindal Saw Ltd
INE053F07538,INE053F07538,8.10% INDIAN RAILWAY FINANCE CORPORATION LIMITED
INE0CU601026,GMRPUI,GMR Power and Urban Infra Ltd
INE0PB301013,SHICOROL,Shipping Corporation of India Land and Assets Ltd
INE05AN01011,SHIL,Hindware Home Innovation Ltd
INF179KC1DU7,150737,HDFC Silver ETF Fund of Fund - Growth Option - Direct Plan
INE591G01025,NIITTECH,Coforge Ltd
INE255A01020,ESSELPACK,ESSEL PROPACK LIMITED
INF109KC10V2,AUTOIETF,ICICI Prudential Nifty Auto ETF
INE171Z01026,BDL,Bharat Dynamics Ltd
INE217B01036,KAJARIACER,Kajaria Ceramics Ltd.
INE424H01027,SUNTV,Sun TV Network Limited
INE302A01020,EXIDEIND,Exide Industries Limited
INE0PSC01024,DIGIDRIVE,Digidrive Distributors Ltd
INE572E01012,PNBHOUSING,PNB Housing Finance Limited
INF109KC16J4,150643,ICICI Prudential Nifty Auto Index Fund - Direct Plan - Growth
INF740KA1LG1,145454,DSP Healthcare Fund - Direct - Growth
INF769K01LN0,152645,Mirae Asset Nifty MidSmallcap400 Momentum Quality 100 ETF Fund of Fund - Direct Plan - Growth
INE974X01010,TUBEINVEST,TUBE INVESTMENTS OF INDIA LIMITED
INE00WC01027,AFFLE,Affle 3i Ltd
INE786A01032,JKLAKSHMI,JK Lakshmi Cement Limited
INE039A01010,IFCI,IFCI Limited
INF200KA1580,134008,SBI Nifty Bank ETF
INF732E01045,JUNIORBEES,Nippon India ETF Nifty Next 50 Junior BeES
INF204KB15I9,BANKBEES,Nippon India ETF Nifty Bank BeES
INE206B01013,ZODIACLOTH,Zodiac Clothing Company Ltd
INF179KC1DK8,150619,HDFC NIFTY 50 VALUE 20 ETF - Growth Option
INE767A01016,AARTIDRUGS,Aarti Drugs Ltd
INF754K01NJ6,149254,Edelweiss Nifty 100 Quality 30 Index Fund Direct Plan Growth
INF194KB1DV7,150636,BANDHAN NIFTY100 LOW VOLATILITY 30 INDEX FUND - GROWTH - DIRECT PLAN
INF109KC16T3,152365,ICICI Prudential Nifty50 Value 20 Index Fund - Direct Plan - Growth
INF959L01FT4,149804,Navi Nifty Bank Index Fund- Direct Plan- Growth
INE323C01030,INDIANHUME,Indian Hume Pipe Company Limited
INF769K01LJ8,MANMMQ1ESC,Mirae Asset Nifty MSC400 Momentum Quality 100 ETF
INE00M201021,SWSOLAR,Sterling and Wilson Renewable Energy Ltd
INE088F01024,PARPHOSP,Paradeep Phosphates Limited
INE153T01027,BLS,BLS International Services Limited
INE738I01010,ECLERX,ECLERX SERVICES LIMITED
INE933K01021,BAJAJCORP,Bajaj Consumer Care Ltd
INE0DK501011,PPL,Piramal Pharma Ltd
INF194K01I60,118364,BANDHAN LIQUID Fund -Direct Plan-Growth
INF740K01QL4,119125,DSP Liquidity Fund - Direct - Growth
INF959L01GF1,119164,Navi Liquid Fund-Direct Plan-Growth Option
INF109K01Q49,120197,ICICI Prudential Liquid Fund - Direct Plan - Growth
INE228A01035,USHAMART,Usha Martin Limited
INF204KB12Z0,148721,Nippon India Nifty 50 Value 20 Index Fund - Direct Plan - Growth Option
INF959L01FP2,149039,Navi Nifty 50 Index Fund-Direct Plan-Growth
INF959L01FR8,149447,Navi Nifty Next 50 Index Fund- Direct Plan- Growth
INF247L01AV1,149800,Motilal Oswal Nifty 200 Momentum 30 Index Fund-Direct Plan
INF204KC1584,150487,Nippon India Nifty Alpha Low Volatility 30 Index Fund - Direct Plan - Growth Option
INF109KC10J7,150639,ICICI Prudential Nifty50 Equal Weight Index Fund- Direct Plan - Growth
INF204K01ZH0,118701,Nippon India Liquid Fund - Direct Plan Growth Plan - Growth Option
INF247L01734,145834,Motilal Oswal Liquid Fund - Direct - Growth
INE391J01032,JTLIND,Jtl Industries Ltd
INE133E01013,TI,Tilaknagar Industries Ltd
INE203A01020,ASTRAZEN,ASTRAZENECA PHARMA INDIA LIMITED
INE427F01016,CHALET,Chalet Hotels Limited
INE209L01016,CEBBCO,Jupiter Wagons Ltd
INE823G01014,JKCEMENT,JK Cement Ltd
INE913H01037,ENDURANCE,Endurance Technologies Limited
INE09VQ01012,INDIGOPNTS,Indigo Paints Limited
INE366I01010,VRLLOG,VRL Logistics Ltd
INE045J01026,FCL,Fineotex Chemical Ltd
INE671H01015,SOBHA,Sobha Ltd
INE731H01025,ACE,ACTION CONST EQUIP LTD
INE03DD01011,JHSSVERV,JHS Svendgaard Retail Ventures Ltd
INE331A01037,RAMCOCEM,The Ramco Cements Ltd
INF179KC1FB2,HNS2E_SC,HDFC NIFTY Smallcap 250 ETF
INE878B01027,KEI,KEI Industries Limited
INE121E01018,JSWENERGY,JSW ENERGY LTD
INE670K01029,LODHA,Lodha Developers Ltd
INE382Z01011,GRSE,Garden Reach Shipbuilders & Engineers Limited
INF740KA1SY9,DNPBE01_SC,DSP Nifty PSU Bank ETF
INE967H01025,KIMS,Krishna Institute of Medical Sciences Ltd
INF200K01UY4,119732,SBI PSU Fund - Direct - Growth
INE393P01035,DIAMONDYD,Prataap Snacks Limited
INF769K01KR3,MANBE_SC,Mirae Asset Nifty Bank ETF
INF109K01Z14,120587,ICICI Prudential FMCG - Direct -  Growth
INE704P01025,COCHINSHIP,Cochin Shipyard Limited
INE136B01020,CYIENT,Cyient Limited
INF966L01689,120828,Quant Small Cap Fund - Direct - Growth
INE399G01023,RKFORGE,RAMKRISHNA FORGINGS LTD
INF194KB1IW4,152990,Bandhan Nifty 500 Value 50 Index Fund Direct Plan - Growth
INE800A01015,BIRLAERIC,Birla Cable Ltd
INE183A01024,FINPIPE,FINOLEX INDUSTRIES LTD
INE291A01017,GARWARPOLY,Garware Hi-Tech Films Ltd
INF179KC1981,HDFCMFGETF,HDFC Gold Exchange Traded Fund
INE008A01015,IDBI,IDBI BANK LIMITED
INE455I01029,KSCL,Kaveri Seed Company Limited
INE823D01011,REDPROTE,Yash Innoventures Ltd
INE908D01010,SHAKTIPUMP,Shakti Pumps India Ltd
INE386A01023,VESUVIUS,Vesuvius India Ltd
INE193E01025,BAJAJELEC,Bajaj Electricals Limited
INE447A01015,ATV,ATV Projects India Ltd
INE0KQN01018,BAJELPROJECTS,Bajel Projects Ltd
INE615H01020,TWL,Titagarh Rail Systems Limited
INE415G01027,RVNL,Rail Vikas Nigam Limited
INE608C01026,NOVAIRON,Nova Iron & Steel Ltd
INE236G01019,TVSELECT,TVS Electronics Ltd
INE939A01011,STAR,Strides Pharma Science Ltd
INE512A01016,FGPIND,FGP Limited
INE532F01054,EDELWEISS,Edelweiss Financial Services Limited
INE531F01015,NWML,Nuvama Wealth Management Ltd
INE0DD101019,RAILTEL,Railtel Corporation Of India Limited
INF109KC1P81,148822,ICICI Prudential Nifty 100 Low Volatility 30 ETF FOF - Direct Plan - Growth
INF109KC18W3,IPNONGE_SC,ICICI Prudential Nifty Oil and Gas ETF
INE161A01038,NIITLTD,NIIT Ltd
INE495B01038,SUVEN,Suven Life Sciences Ltd
INE379A01028,ITCHOTLTD,ITC Hotels Ltd
INF109KC19W1,IPNME_SC,ICICI Prudential Nifty Metal ETF
INF769K01KU7,MAN2A3E_SC,Mirae Asset Nifty 200 Alpha 30 ETF
INF769K01LQ3,MANENNAAE_SC,Mirae Asset Nifty EV and New Age Automotive ETF
INE067A01029,CROMPTON,CG Power and Industrial Solutions Ltd
INE0V6F01027,HYUMOTOR,Hyundai Motor India Ltd
INE00H001014,SWIGGY,Swiggy Ltd
INE377Y01014,BAJHOUFI,Bajaj Housing Finance Ltd
INE074A01025,PRAJIND,Praj Industries Limited
INE474Q01031,MEDANTA,Global Health Ltd
INE0LRU01027,APL,Aarti Pharmalabs Ltd
INF179KC1BY3,149868,HDFC NIFTY 100 Index Fund - Direct Plan - Growth Option
INE621H01010,RELIGARE,RELIGARE ENTERPRISES LTD
INE0BS701011,PREMIERENE,Premier Energies Ltd
INE211B01039,PHOENIXLTD,The Phoenix Mills Ltd
INE013P01021,ONESOURCE,OneSource Specialty Pharma Ltd
INE377N01017,WAAENERG,Waaree Energies Ltd
INE732I01013,ANGELBRKG,Angel One Limited
INE372A01015,APARINDS,Apar Industries Limited
INE01QM01018,EMUDHRA,eMudhra Ltd
INE02NC01014,FINOPB,Fino Payments Bank Limited
INE09N301011,FLUOROCHEM,Gujarat Fluorochemicals Limited
INE066P01011,INOXWIND,Inox Wind Limited
INE303R01014,KALYANKJIL,Kalyan Jewellers India Limited
INE918Z01012,KAYNES,Kaynes Technology India Ltd
INE745G01035,MCX,MULTI COMMODITY EXCHANGE OF INDIA LTD.
INF179KB1HP9,119091,HDFC Liquid Fund Direct Plan Growth Option
INE665J01013,VMART,V-MART RETAIL LTD
INE111Q01021,PDSMFL,PDS Ltd
INE619B01017,NEWGEN,Newgen Software Technologies Limited
INE780C01023,JMFINANCIL,JM FINANCIAL LTD
INE08LI01020,KRSNAA,Krsnaa Diagnostics Limited
INE004A01022,NSDEOVI1,Protean Egov Technologies Ltd
INE052I01032,CAMLINFINE,Camlin Fine Sciences Ltd
INE851I01011,UPSERVI,Updater Services Limited
INF769K01LU5,152718,Mirae Asset Nifty200 Alpha 30 ETF Fund of Fund - Direct Plan - Growth
INF769K01LG4,152459,Mirae Asset Nifty Smallcap 250 Momentum Quality 100 ETF Fund of Fund - Direct Plan - Growth
INE07K301024,ZAGPREOS,Zaggle Prepaid Ocean Services Ltd
INF109KC1V18,149283,ICICI Prudential Nifty Smallcap 250 Index Fund - Direct Plan - Growth
INE980Y01015,SOUWESPE,South West Pinnacle Exploration Ltd
INE1NPP01017,SIEMENSENERGY,Siemens Energy India Ltd
INE152M01016,TRITURBINE,TRIVENI TURBINE LTD
INE805D01034,SUNTECK,SUNTECK REALTY LTD
INF194KB1HA2,INF194KB1HA2,Bandhan Nifty Alpha 50 Index Fund - Direct Plan - Growth
INF740KA1UM0,DSBLRE_SC,DSP BSE Liquid Rate ETF
INE292B01021,HBLPOWER,HBL Engineering Ltd
INF204KB15W0,INF204KB15W0,Nippon India Nifty Smallcap 250 Index Fund
INE445C01015,XPROINDIA,XPRO INDIA LTD
INE095I01015,PPAP,PPAP Automotive Ltd
INF959L01FX6,149892,Navi Nifty Midcap 150 Index Fund Direct Plan- Growth
INF247L01932,147623,Motilal Oswal Nifty Smallcap 250 Index Fund - Direct - Growth
INF109K012M7,120620,ICICI Prudential Nifty Index Fund - Direct Plan Cumulative Option
INE472A01039,BLUESTARCO,Blue Star Limited
INE371A01025,GRAPHITE,GRAPHITE INDIA LTD.
INE115Q01022,INVKNOSO,Inventurus Knowledge Solutions Ltd
INE557A01011,HIL,Birlanu Ltd
INE07U701015,IRMENERG,IRM Energy Limited
INE545U01014,BANDHANBANK,Bandhan Bank Ltd
INE0ONG01011,NTPGREEN,NTPC Green Energy Ltd
INE0W2G01015,SAGILITY,Sagility Ltd
INE338H01029,CONBIOTE,Concord Biotech Ltd
INE531A01024,KANSAINER,Kansai Nerolac Paints Ltd
INE417T01026,POLICYBZR,PB Fintech Limited
INE475E01026,CAPLIPOINT,Caplin Point Laboratories Limited
INE686A01026,ITDCEM,Cemindia Projects Ltd
INE191H01014,PVR,PVR INOX Limited
INE0AG901020,CEIGALL,Ceigall India Limited
INE024L01027,GRAVITA,Gravita India Limited
INE490G01020,MOIL,MOIL LTD
INE332A01027,THOMASCOOK,Thomas Cook India Ltd
INE239C01020,STYLAMIND,Stylam Industries Ltd
INE225D01027,SYMPHONY,Symphony Ltd.
INE0JA001018,VENPIPTU,Venus Pipes & Tubes Ltd
INE750C01026,MARKSANS,MARKSANS PHARMA LTD
INF179KC1BQ9,HNNIDG,HDFC NIFTY Next50 Index Fund Direct Growth
INE488A01050,CHEMPLAST,Chemplast Sanmar Ltd
INE835G01018,ALLSEC,Alldigi Tech Ltd
INE098F01031,AMRUTANJAN,AMRUTANJAN
INE510W01014,INOWINIS,Inox Green Energy Services Ltd
INE324L01013,RPPIPROJ,RPP Infra Projects Ltd
INE04I401011,KPITTECH,KPIT Technologies Limited
INE715A01015,WHEELS,WHEELS INDIA LTD.
INE872J01023,DEVYANI,DEVYANI INTERNATIONAL LIMITED
INE880L01014,KIOCL,KIOCL Limited
INE683A01023,SOUTHBANK,THE SOUTH INDIAN BANK LIMITED
INE123F01029,MMTC,MMTC Ltd
INE362A01016,PVP,PVP Ventures Ltd
INE883N01014,PARAGMILK,Parag Milk Foods Ltd
INE821I01022,IRB,IRB Infrastructure Developers Limited
INE274G01010,IBSEC,Dhani Services Limited
INE735W01017,UTKSMAFB,Utkarsh Small Finance Bank Ltd
INE742C01031,JINDRILL,Jindal Drilling & Industries Limited
INE256A01028,ZEEL,Zee Entertainment Enterprises Limited
INE0KL801015,DCXINDIA,DCX Systems Ltd
INE530B01024,INDIAINFO,IIFL Finance Ltd
INE217L01019,SHRPROP1,Shriram Properties Ltd
INE0TNW01017,QUELABOR,Quest Laboratories Ltd
INE0RRU01016,INDEMULSIFIER,Indian Emulsifiers Ltd
INE084A01016,BOI,BANK OF INDIA
INE763I01026,TRIL,Transformers and Rectifiers India Ltd
INE572J01011,SPASPHFI,Spandana Sphoorty Financial Ltd
INE668F01031,JYOTHYLAB,JYOTHY LABORATORIES LTD
INE549A01026,HCC,Hindustan Construction Company Ltd
INF247L01AE7,147794,Motilal Oswal Nifty 50 Index FundMOFNIFTY50 - Direct - Growth
INF846KA1119,ANV5E_SC,Axis Nifty500 Value 50 ETF
INE494B04019,TVSMOTORNCPRS,TVS Motor Company Ltd - 6% NCRPS
INE614B01018,KTKBANK,KARNATAKA BANK LTD
INE224A01026,GREAVESCOT,GREAVES COTTON LTD.
INE732A01036,KIRLOSBROS,Kirloskar Brothers Ltd
INE0BY001018,JUBIINGRE,Jubilant Ingrevia Limited
INE299U01018,CGCEL,Crompton Greaves Consumer Electrical Ltd
INF194KB1IT0,152855,Bandhan Nifty Midcap 150 Index Fund-Direct Plan-Growth
INF194KB1CR7,149832,BANDHAN NIFTY 100 INDEX FUND - DIRECT PLAN - GROWTH
INF194KB1DP9,150591,BANDHAN NIFTY200 MOMENTUM 30 INDEX FUND - GROWTH - DIRECT PLAN
INF247L01916,147622,Motilal Oswal Nifty Midcap 150 Index Fund - Direct - Growth
INE152B01027,GATI,Allcargo Gati Ltd
INF194KB1KB4,153838,Bandhan BSE India Sector Leaders Index Fund - Direct Plan - Growth
INF194KB1IK9,152716,Bandhan Nifty Total Market Index Fund - Direct Plan - Growth
INE766P01016,MAHILOG,Mahindra Logistics Ltd
INE317F01035,NESCO,Nesco Ltd
INE0GMR01016,SWASUITI,Swaraj Suiting Ltd
INE201M01029,CLEDUCAT,CL Educate Ltd
INE809I01019,ONMOBILE,Onmobile Global Ltd
INE345A01011,HINDOILEXP,Hindustan Oil Exploration Company Ltd
INE07U701015,IRMENERG,IRM Energy Ltd
